"query","RDB","status"
"Amphisbaena lumbricalis","Amphisbaena carvalhoi","updated"
"Amphisbaena spurelli","not_found","unknown"
"Blanus vandellii","Blanus oxyurus","updated"
"Agama bocourti","Agama agama","updated"
"Calotes vultuosus","Calotes versicolor","updated"
"Celestus fowleri","Celestus striatus","updated"
"Celestus hewardi","Celestus hewardii","updated"
"Gerrhonotus lugoi","Desertum lugoi","updated"
"Asaccus granularis","Asaccus ingae","updated"
"Asaccus nasrullahi","Asaccus griseonotus; Asaccus ingae","ambiguous"
"Asaccus tangestanensis","Asaccus iranicus","updated"
"Cnemaspis boulengeri","Cnemaspis boulengerii","updated"
"Crossobamon orientalis","Bunopus orientalis","updated"
"Cyrtodactylus markuscombaii","Cyrtodactylus martinstolli","updated"
"Cyrtodactylus paradoxus","Cyrtodactylus condorensis","updated"
"Cyrtodactylus rufford","Cyrtodactylus lomyenensis","updated"
"Cyrtodactylus thochuensis","Cyrtodactylus leegrismeri","updated"
"Garthia penai","Garthia gaudichaudii","updated"
"Hemidactylus flavicauda","Hemidactylus flavicaudus","updated"
"Homopholis walbergii","Homopholis wahlbergii","updated"
"Kolekanos plumicauda","Kolekanos plumicaudus","updated"
"Lepidodactylus planicauda","not_found","unknown"
"Nactus allenallisoni","Nactus multicarinatus","duplicated"
"Nactus alotau","Nactus multicarinatus","duplicated"
"Nactus notios","Nactus erugatus","updated"
"Nactus papua","Nactus heteronotus","updated"
"Nactus robertfisheri","Nactus multicarinatus","duplicated"
"Nebulifera robusta","Amalosia robusta","updated"
"Phelsuma vnigra","not_found","unknown"
"Pholidoscelis maynardi","Pholidoscelis maynardii","updated"
"Pholidoscelis turukaeraensis","not_found","unknown"
"Proctoporus cephalolineatus","Oreosaurus cephalolineatus","updated"
"Pseuderemias striatus","Pseuderemias striata","updated"
"Riama inanis","Oreosaurus inanis","updated"
"Anolis dominicensis","Anolis distichus","duplicated"
"Anolis favillarum","Anolis distichus","duplicated"
"Anolis ignigularis","Anolis distichus","duplicated"
"Anolis pijolense","Anolis pijolensis","updated"
"Anolis properus","Anolis distichus","duplicated"
"Anolis ravitergum","Anolis distichus","duplicated"
"Anolis vinosus","Anolis distichus","duplicated"
"Cyclura ricordi","Cyclura ricordii","updated"
"Leiocephalus anonymous","not_found","unknown"
"Leiocephalus apertosulcus","not_found","unknown"
"Leiocephalus roquetus","not_found","unknown"
"Liolaemus cinereus","Liolaemus montanezi","updated"
"Liolaemus erguetae","Liolaemus erroneus","duplicated"
"Liolaemus escarchadosi","Liolaemus sarmientoi","updated"
"Liolaemus islugensis","Liolaemus schmidti; Liolaemus tajzara","ambiguous"
"Liolaemus molinai","Liolaemus erroneus","duplicated"
"Liolaemus uptoni","Liolaemus somuncurae","updated"
"Liolaemus zullyi","Liolaemus zullyae","updated"
"Phrynosoma bauri","Phrynosoma hernandesi","duplicated"
"Phrynosoma brevirostris","Phrynosoma hernandesi","duplicated"
"Phrynosoma diminutum","Phrynosoma hernandesi","duplicated"
"Phrynosoma ornatissimum","Phrynosoma hernandesi","duplicated"
"Sceloporus uniformis","Sceloporus magister","updated"
"Austroablepharus naranjicauda","Austroablepharus naranjicaudus","updated"
"Brachyseps splendidus","Mesomycterus splendidus","updated"
"Ctenotus rimacolus","Ctenotus rimacola","updated"
"Ctenotus saxatilis","Ctenotus inornatus","updated"
"Emoia veracunda","Emoia verecunda","updated"
"Eutropis rubriventris","Eutropis carinata","updated"
"Glaphyromorphus crassicauda","Glaphyromorphus crassicaudus","updated"
"Leiolopisma mauritiana","not_found","unknown"
"Lepidophyma zongolica","Lepidophyma zongolicum","updated"
"Lerista arenicola","Lerista microtis","updated"
"Lipinia venemai","Ornithuroscincus venemai","updated"
"Palaia pulchra","Neopalaia pulchra","updated"
"Riopa goaensis","Dravidoseps goaensis","updated"
"Sepsiscus pluto","Suppressascincus pluto","updated"
"Sphenomorphus cophias","Tytthoscincus cophias","updated"
"Sphenomorphus sanana","Tytthoscincus sanana","updated"
"Subdoluseps malayana","Subdoluseps malayanus","updated"
"Subdoluseps nilgiriensis","Dravidoseps nilgiriensis","updated"
"Subdoluseps pruthi","Dravidoseps jawadhuensis; Dravidoseps pruthi; Dravidoseps tamilnaduensis","ambiguous"
"Trachylepis margaritifera","Trachylepis margaritifer","updated"
"Trachylepis monardi","Trachylepis wahlbergii","updated"
"Typhlosaurus lomiae","Typhlosaurus vermis","updated"
"Varzea altamazonica","Mabuya altamazonica","updated"
"Varzea bistriata","Mabuya bistriata","updated"
"Atractus eriki","Atractus indistinctus","updated"
"Atractus mijaresi","Atractus pamplonensis","duplicated"
"Atractus nigricauda","Atractus nigricaudus","updated"
"Atractus ochrosetrus","Atractus ventrimaculatus","updated"
"Atractus tamaensis","Atractus pamplonensis","duplicated"
"Atractus trivittatus","Atractus nigriventris","updated"
"Cerastes boehmei","Cerastes vipera","updated"
"Chironius laurenti","Chironius dixoni","updated"
"Chironius scurrulus","Chironius scurrula","updated"
"Crotalus ehecatl","Crotalus culminatus","updated"
"Gloydius brevicauda","not_found","unknown"
"Gongylosoma longicauda","Gongylosoma longicaudus","updated"
"Hypsiscopus plumbea","Hypsiscopus plumbeus","updated"
"Liopeltis calamaria","Gongylosoma calamaria","updated"
"Liopeltis frenata","Gongylosoma frenata","updated"
"Liopeltis pallidonuchalis","Gongylosoma pallidonuchalis","updated"
"Liopeltis rappi","Anguiculus rappii","updated"
"Lycodon maculatus","Lycodon neomaculatus","updated"
"Lycodon meridionalis","Lycodon flavozonatus","updated"
"Lycodonomorphus inornatus","Elaiophis inornatus","updated"
"Lycodonomorphus subtaeniatus","Boaedon subtaeniatus","updated"
"Mastigodryas pleii","Mastigodryas pleei","updated"
"Micrurus browni","Micrurus ephippifer","duplicated"
"Micrurus collaris","Leptomicrurus collaris","updated"
"Micrurus narduccii","Leptomicrurus narduccii","updated"
"Micrurus nebularis","Micrurus ephippifer","duplicated"
"Micrurus pachecogili","Micrurus ephippifer","duplicated"
"Micrurus renjifoi","Leptomicrurus renjifoi","updated"
"Micrurus scutiventris","Leptomicrurus scutiventris","updated"
"Oligodon churahensis","Oligodon russelius","updated"
"Oligodon transcaspica","Oligodon transcaspicus","updated"
"Ovophis malhotrae","Ovophis anitae","updated"
"Pareas geminatus","Pareas yunnanensis","duplicated"
"Pareas xuelinensis","Pareas yunnanensis","duplicated"
"Platyceps ladacensis","Platyceps rhodorachis","updated"
"Storeria hidalgoensis","Storeria occipitomaculata","updated"
"Thamnodynastes longicauda","Thamnodynastes longicaudus","updated"
"Thamnophis conanti","Thamnophis bogerti","duplicated"
"Thamnophis lineri","Thamnophis bogerti","duplicated"
"Toxicodryas adamanteus","Toxicodryas adamantea","updated"
"Trachyboa boulengeri","Tropidophis boulengeri","updated"
"Trachyboa gularis","Tropidophis gularis","updated"
"Walterinnesia morgani","Walterinnesia aegyptia","updated"
"Afrotyphlops mucruso","Afrotyphlops dinga","updated"
"Antillotyphlops richardi","Antillotyphlops richardii","updated"
"Indotyphlops exiguus","Pseudoindotyphlops exiguus","updated"
"Indotyphlops porrectus","Pseudoindotyphlops porrectus","updated"
"Madatyphlops cariei","not_found","unknown"
"Ramphotyphlops acuticauda","Ramphotyphlops acuticaudus","updated"
"Rhinotyphlops scortecci","Rhinotyphlops scorteccii","updated"
"Xerotyphlops luristanicus","Xerotyphlops vermicularis","updated"
